page,links
https://www.w3schools.com/,//www.w3schools.com
https://www.w3schools.com/,//www.w3schools.com
https://www.w3schools.com/,javascript:void(0)
https://www.w3schools.com/,javascript:void(0)
https://www.w3schools.com/,javascript:void(0)
https://www.w3schools.com/,javascript:void(0)
https://www.w3schools.com/,javascript:void(0)
https://www.w3schools.com/,javascript:void(0)
https://www.w3schools.com/,javascript:void(0)
https://www.w3schools.com/,/html/default.asp
https://www.w3schools.com/,/css/default.asp
https://www.w3schools.com/,/bootstrap/bootstrap_ver.asp
https://www.w3schools.com/,/w3css/default.asp
https://www.w3schools.com/,/colors/default.asp
https://www.w3schools.com/,/icons/default.asp
https://www.w3schools.com/,/graphics/default.asp
https://www.w3schools.com/,/howto/default.asp
https://www.w3schools.com/,/sass/default.asp
https://www.w3schools.com/,/js/default.asp
https://www.w3schools.com/,/jquery/default.asp
https://www.w3schools.com/,/react/default.asp
https://www.w3schools.com/,/angular/default.asp
https://www.w3schools.com/,/js/js_json_intro.asp
https://www.w3schools.com/,/js/js_ajax_intro.asp
https://www.w3schools.com/,/w3js/default.asp
https://www.w3schools.com/,/sql/default.asp
https://www.w3schools.com/,/php/default.asp
https://www.w3schools.com/,/asp/default.asp
https://www.w3schools.com/,/nodejs/default.asp
https://www.w3schools.com/,/nodejs/nodejs_raspberrypi.asp
https://www.w3schools.com/,/python/default.asp
https://www.w3schools.com/,/java/default.asp
https://www.w3schools.com/,/cpp/default.asp
https://www.w3schools.com/,/cs/default.asp
https://www.w3schools.com/,/w3css/w3css_templates.asp
https://www.w3schools.com/,/browsers/default.asp
https://www.w3schools.com/,/cert/default.asp
https://www.w3schools.com/,/tryit/default.asp
https://www.w3schools.com/,/whatis/default.asp
https://www.w3schools.com/,/xml/default.asp
https://www.w3schools.com/,/xml/ajax_intro.asp
https://www.w3schools.com/,/xml/dom_intro.asp
https://www.w3schools.com/,/xml/xml_dtd_intro.asp
https://www.w3schools.com/,/xml/schema_intro.asp
https://www.w3schools.com/,/xml/xsl_intro.asp
https://www.w3schools.com/,/xml/xpath_intro.asp
https://www.w3schools.com/,/xml/xquery_intro.asp
https://www.w3schools.com/,/tags/default.asp
https://www.w3schools.com/,/cssref/default.asp
https://www.w3schools.com/,/jsref/default.asp
https://www.w3schools.com/,/sql/sql_ref_keywords.asp
https://www.w3schools.com/,/php/php_ref_overview.asp
https://www.w3schools.com/,/jquery/jquery_ref_overview.asp
https://www.w3schools.com/,/python/python_reference.asp
https://www.w3schools.com/,/bootstrap/bootstrap_ref_all_classes.asp
https://www.w3schools.com/,/bootstrap4/bootstrap_ref_all_classes.asp
https://www.w3schools.com/,/w3css/w3css_references.asp
https://www.w3schools.com/,/java/java_ref_keywords.asp
https://www.w3schools.com/,/angular/angular_ref_directives.asp
https://www.w3schools.com/,/sass/sass_functions_string.asp
https://www.w3schools.com/,/charsets/default.asp
https://www.w3schools.com/,/html/html_exercises.asp
https://www.w3schools.com/,/css/css_exercises.asp
https://www.w3schools.com/,/js/js_exercises.asp
https://www.w3schools.com/,/sql/sql_exercises.asp
https://www.w3schools.com/,/php/php_exercises.asp
https://www.w3schools.com/,/python/python_exercises.asp
https://www.w3schools.com/,/java/java_exercises.asp
https://www.w3schools.com/,/cpp/cpp_exercises.asp
https://www.w3schools.com/,/cs/cs_exercises.asp
https://www.w3schools.com/,/bootstrap/bootstrap_exercises.asp
https://www.w3schools.com/,javascript:void(0)
https://www.w3schools.com/,javascript:void(0);
https://www.w3schools.com/,javascript:void(0);
https://www.w3schools.com/,javascript:void(0);
https://www.w3schools.com/,javascript:void(0);
https://www.w3schools.com/,/html/default.asp
https://www.w3schools.com/,/css/default.asp
https://www.w3schools.com/,/bootstrap/bootstrap_ver.asp
https://www.w3schools.com/,/w3css/default.asp
https://www.w3schools.com/,/colors/default.asp
https://www.w3schools.com/,/icons/default.asp
https://www.w3schools.com/,/graphics/default.asp
https://www.w3schools.com/,/graphics/svg_intro.asp
https://www.w3schools.com/,/graphics/canvas_intro.asp
https://www.w3schools.com/,/howto/default.asp
https://www.w3schools.com/,/sass/default.asp
https://www.w3schools.com/,/xml/default.asp
https://www.w3schools.com/,/xml/ajax_intro.asp
https://www.w3schools.com/,/xml/dom_intro.asp
https://www.w3schools.com/,/xml/xml_dtd_intro.asp
https://www.w3schools.com/,/xml/schema_intro.asp
https://www.w3schools.com/,/xml/xsl_intro.asp
https://www.w3schools.com/,/xml/xpath_intro.asp
https://www.w3schools.com/,/xml/xquery_intro.asp
https://www.w3schools.com/,/js/default.asp
https://www.w3schools.com/,/jquery/default.asp
https://www.w3schools.com/,/react/default.asp
https://www.w3schools.com/,/angular/default.asp
https://www.w3schools.com/,/js/js_json_intro.asp
https://www.w3schools.com/,/js/js_ajax_intro.asp
https://www.w3schools.com/,/w3js/default.asp
https://www.w3schools.com/,/python/default.asp
https://www.w3schools.com/,/java/default.asp
https://www.w3schools.com/,/cpp/default.asp
https://www.w3schools.com/,/cs/default.asp
https://www.w3schools.com/,/sql/default.asp
https://www.w3schools.com/,/php/default.asp
https://www.w3schools.com/,/asp/default.asp
https://www.w3schools.com/,/nodejs/default.asp
https://www.w3schools.com/,/nodejs/nodejs_raspberrypi.asp
https://www.w3schools.com/,/w3css/w3css_templates.asp
https://www.w3schools.com/,/browsers/default.asp
https://www.w3schools.com/,/cert/default.asp
https://www.w3schools.com/,/tryit/default.asp
https://www.w3schools.com/,/whatis/default.asp
https://www.w3schools.com/,/xml/default.asp
https://www.w3schools.com/,/xml/ajax_intro.asp
https://www.w3schools.com/,/xml/dom_intro.asp
https://www.w3schools.com/,/xml/xml_dtd_intro.asp
https://www.w3schools.com/,/xml/schema_intro.asp
https://www.w3schools.com/,/xml/xsl_intro.asp
https://www.w3schools.com/,/xml/xpath_intro.asp
https://www.w3schools.com/,/xml/xquery_intro.asp
https://www.w3schools.com/,/tags/default.asp
https://www.w3schools.com/,/tags/ref_eventattributes.asp
https://www.w3schools.com/,/colors/default.asp
https://www.w3schools.com/,/tags/ref_attributes.asp
https://www.w3schools.com/,/tags/ref_canvas.asp
https://www.w3schools.com/,/graphics/svg_reference.asp
https://www.w3schools.com/,/graphics/google_maps_reference.asp
https://www.w3schools.com/,/cssref/default.asp
https://www.w3schools.com/,/cssref/css3_browsersupport.asp
https://www.w3schools.com/,/cssref/css_selectors.asp
https://www.w3schools.com/,/bootstrap/bootstrap_ref_all_classes.asp
https://www.w3schools.com/,/bootstrap4/bootstrap_ref_all_classes.asp
https://www.w3schools.com/,/w3css/w3css_references.asp
https://www.w3schools.com/,/icons/icons_reference.asp
https://www.w3schools.com/,/sass/sass_functions_string.asp
https://www.w3schools.com/,/jsref/default.asp
https://www.w3schools.com/,/jsref/default.asp
https://www.w3schools.com/,/jquery/jquery_ref_overview.asp
https://www.w3schools.com/,/angular/angular_ref_directives.asp
https://www.w3schools.com/,/w3js/w3js_references.asp
https://www.w3schools.com/,/python/python_reference.asp
https://www.w3schools.com/,/java/java_ref_keywords.asp
https://www.w3schools.com/,/sql/sql_ref_keywords.asp
https://www.w3schools.com/,/php/php_ref_overview.asp
https://www.w3schools.com/,/asp/asp_ref_response.asp
https://www.w3schools.com/,/xml/dom_nodetype.asp
https://www.w3schools.com/,/xml/dom_http.asp
https://www.w3schools.com/,/xml/xsl_elementref.asp
https://www.w3schools.com/,/xml/schema_elements_ref.asp
https://www.w3schools.com/,/charsets/default.asp
https://www.w3schools.com/,/charsets/ref_html_ascii.asp
https://www.w3schools.com/,/charsets/ref_html_ansi.asp
https://www.w3schools.com/,/charsets/ref_html_ansi.asp
https://www.w3schools.com/,/charsets/ref_html_8859.asp
https://www.w3schools.com/,/charsets/ref_html_symbols.asp
https://www.w3schools.com/,/charsets/ref_html_utf8.asp
https://www.w3schools.com/,/html/html_examples.asp
https://www.w3schools.com/,/css/css_examples.asp
https://www.w3schools.com/,/w3css/w3css_examples.asp
https://www.w3schools.com/,/bootstrap/bootstrap_examples.asp
https://www.w3schools.com/,/howto/default.asp
https://www.w3schools.com/,/graphics/svg_examples.asp
https://www.w3schools.com/,/w3css/w3css_templates.asp
https://www.w3schools.com/,/html/html_quiz.asp
https://www.w3schools.com/,/css/css_quiz.asp
https://www.w3schools.com/,/js/js_quiz.asp
https://www.w3schools.com/,/sql/sql_quiz.asp
https://www.w3schools.com/,/php/php_quiz.asp
https://www.w3schools.com/,/python/python_quiz.asp
https://www.w3schools.com/,/bootstrap/bootstrap_quiz.asp
https://www.w3schools.com/,/jquery/jquery_quiz.asp
https://www.w3schools.com/,/xml/xml_quiz.asp
https://www.w3schools.com/,/js/js_examples.asp
https://www.w3schools.com/,/js/js_dom_examples.asp
https://www.w3schools.com/,/jquery/jquery_examples.asp
https://www.w3schools.com/,/angular/angular_examples.asp
https://www.w3schools.com/,/js/js_ajax_examples.asp
https://www.w3schools.com/,/w3js/w3js_examples.asp
https://www.w3schools.com/,/python/python_examples.asp
https://www.w3schools.com/,/java/java_examples.asp
https://www.w3schools.com/,/cpp/cpp_examples.asp
https://www.w3schools.com/,/cs/cs_examples.asp
https://www.w3schools.com/,/sql/sql_examples.asp
https://www.w3schools.com/,/php/php_examples.asp
https://www.w3schools.com/,/asp/asp_examples.asp
https://www.w3schools.com/,/xml/xml_examples.asp
https://www.w3schools.com/,/xml/xsl_examples.asp
https://www.w3schools.com/,/xml/xpath_examples.asp
https://www.w3schools.com/,/xml/schema_example.asp
https://www.w3schools.com/,/xml/ajax_examples.asp
https://www.w3schools.com/,/graphics/svg_examples.asp
https://www.w3schools.com/,/html/html_quiz.asp
https://www.w3schools.com/,/css/css_quiz.asp
https://www.w3schools.com/,/js/js_quiz.asp
https://www.w3schools.com/,/sql/sql_quiz.asp
https://www.w3schools.com/,/php/php_quiz.asp
https://www.w3schools.com/,/python/python_quiz.asp
https://www.w3schools.com/,/bootstrap/bootstrap_quiz.asp
https://www.w3schools.com/,/jquery/jquery_quiz.asp
https://www.w3schools.com/,/xml/xml_quiz.asp
https://www.w3schools.com/,/html/html_exercises.asp
https://www.w3schools.com/,/css/css_exercises.asp
https://www.w3schools.com/,/js/js_exercises.asp
https://www.w3schools.com/,/sql/sql_exercises.asp
https://www.w3schools.com/,/php/php_exercises.asp
https://www.w3schools.com/,/python/python_exercises.asp
https://www.w3schools.com/,/bootstrap/bootstrap_exercises.asp
https://www.w3schools.com/,/jquery/jquery_exercises.asp
https://www.w3schools.com/,/java/java_exercises.asp
https://www.w3schools.com/,/cpp/cpp_exercises.asp
https://www.w3schools.com/,/cs/cs_exercises.asp
https://www.w3schools.com/,/html/html_quiz.asp
https://www.w3schools.com/,/css/css_quiz.asp
https://www.w3schools.com/,/js/js_quiz.asp
https://www.w3schools.com/,/sql/sql_quiz.asp
https://www.w3schools.com/,/php/php_quiz.asp
https://www.w3schools.com/,/python/python_quiz.asp
https://www.w3schools.com/,/bootstrap/bootstrap_quiz.asp
https://www.w3schools.com/,/jquery/jquery_quiz.asp
https://www.w3schools.com/,/xml/xml_quiz.asp
https://www.w3schools.com/,/cert/cert_html_new.asp
https://www.w3schools.com/,/cert/cert_css.asp
https://www.w3schools.com/,/cert/cert_javascript.asp
https://www.w3schools.com/,/cert/cert_sql.asp
https://www.w3schools.com/,/cert/cert_php.asp
https://www.w3schools.com/,/cert/cert_python.asp
https://www.w3schools.com/,/cert/cert_bootstrap.asp
https://www.w3schools.com/,/cert/cert_jquery.asp
https://www.w3schools.com/,/cert/cert_xml.asp
https://www.w3schools.com/,/html/default.asp
https://www.w3schools.com/,/tags/default.asp
https://www.w3schools.com/,/html/tryit.asp?filename=tryhtml_default
https://www.w3schools.com/,/css/tryit.asp?filename=trycss_default
https://www.w3schools.com/,/css/default.asp
https://www.w3schools.com/,/cssref/default.asp
https://www.w3schools.com/,/css/default.asp
https://www.w3schools.com/,/cssref/default.asp
https://www.w3schools.com/,/css/tryit.asp?filename=trycss_default
https://www.w3schools.com/,/js/default.asp
https://www.w3schools.com/,/jsref/default.asp
https://www.w3schools.com/,/js/tryit.asp?filename=tryjs_default
https://www.w3schools.com/,/sql/trysql.asp?filename=trysql_select_where
https://www.w3schools.com/,/sql/default.asp
https://www.w3schools.com/,/sql/sql_ref_keywords.asp
https://www.w3schools.com/,/sql/default.asp
https://www.w3schools.com/,/sql/sql_ref_keywords.asp
https://www.w3schools.com/,/sql/trysql.asp?filename=trysql_select_where
https://www.w3schools.com/,/python/default.asp
https://www.w3schools.com/,/php/default.asp
https://www.w3schools.com/,/jquery/default.asp
https://www.w3schools.com/,/java/default.asp
https://www.w3schools.com/,/w3css/default.asp
https://www.w3schools.com/,/colors/colors_picker.asp
https://www.w3schools.com/,/bootstrap/default.asp
https://www.w3schools.com/,/bootstrap4/default.asp
https://www.w3schools.com/,/html/html_exercises.asp
https://www.w3schools.com/,/css/css_exercises.asp
https://www.w3schools.com/,/js/js_exercises.asp
https://www.w3schools.com/,/js/js_exercises.asp
https://www.w3schools.com/,/sql/sql_exercises.asp
https://www.w3schools.com/,/php/php_exercises.asp
https://www.w3schools.com/,/python/python_exercises.asp
https://www.w3schools.com/,/jquery/jquery_exercises.asp
https://www.w3schools.com/,/java/java_exercises.asp
https://www.w3schools.com/,/cpp/cpp_exercises.asp
https://www.w3schools.com/,/sql/sql_exercises.asp
https://www.w3schools.com/,/php/php_exercises.asp
https://www.w3schools.com/,/python/python_exercises.asp
https://www.w3schools.com/,/jquery/jquery_exercises.asp
https://www.w3schools.com/,/java/java_exercises.asp
https://www.w3schools.com/,/w3css/w3css_templates.asp
https://www.w3schools.com/,/w3css/w3css_templates.asp
https://www.w3schools.com/,/howto/default.asp
https://www.w3schools.com/,/cert/default.asp
https://www.w3schools.com/,/cert/default.asp
https://www.w3schools.com/,/cert/default.asp
https://www.w3schools.com/,/quiztest/default.asp
https://www.w3schools.com/,/html/html_exercises.asp
https://www.w3schools.com/,/cert/default.asp
https://www.w3schools.com/,/quiztest/default.asp
https://www.w3schools.com/,/html/html_exercises.asp
https://www.w3schools.com/,/forum/default.asp
https://www.w3schools.com/,/about/default.asp
https://www.w3schools.com/,/forum/default.asp
https://www.w3schools.com/,/about/default.asp
https://www.w3schools.com/,/about/about_copyright.asp
https://www.w3schools.com/,/about/about_privacy.asp
https://www.w3schools.com/,/about/about_copyright.asp
https://www.w3schools.com/,javascript:void(0);
